股票代號,股票名稱,本益比,殖利率(%),股價淨值比
"1101","台泥","27.10","3.10","1.01"
"1102","亞泥","13.93","5.13","0.82"
"1103","嘉泥","24.43","2.92","0.52"
"1104","環泥","12.39","7.08","0.83"
"1108","幸福","13.89","6.92","1.16"
"1109","信大","10.32","6.69","0.75"
"1110","東泥","42.04","0.97","1.26"
"1201","味全","21.71","1.52","1.18"
"1203","味王","20.02","2.72","1.61"
"1210","大成","12.52","4.38","1.74"
"1213","大飲","","","4.91"
"1215","卜蜂","14.62","5.97","2.66"
"1216","統一","24.73","3.61","3.64"
"1217","愛之味","17.31","1.98","0.76"
"1218","泰山","11.72","","0.76"
"1219","福壽","26.44","5.13","1.18"
"1220","台榮","12.45","2.25","1.29"
"1225","福懋油","25.51","3.08","3.00"
"1227","佳格","21.79","3.37","1.89"
"1229","聯華","22.40","4.02","1.86"
"1231","聯華食","29.37","1.98","5.81"
"1232","大統益","18.13","4.51","4.41"
"1233","天仁","33.99","2.98","1.94"
"1234","黑松","17.27","4.58","0.89"
"1235","興泰","18.13","1.19","1.08"
"1236","宏亞","","2.86","0.76"
"1256","鮮活果汁-KY","17.26","4.87","1.33"
"1301","台塑","","2.68","0.75"
"1303","南亞","77.75","2.25","0.69"
"1304","台聚","","3.13","0.55"
"1305","華夏","","2.85","0.79"
"1307","三芳","12.89","3.87","1.59"
"1308","亞聚","","3.25","0.66"
"1309","台達化","","2.08","0.90"
"1310","台苯","","","0.77"
"1312","國喬","","","0.35"
"1313","聯成","","2.20","0.42"
"1314","中石化","23.34","","0.36"
"1315","達新","70.00","7.14","0.68"
"1316","上曜","","","1.17"
"1319","東陽","17.48","3.48","2.60"
"1321","大洋","45.35","1.23","1.17"
"1323","永裕","9.00","4.06","0.86"
"1324","地球","178.57","1.60","0.97"
"1325","恆大","","2.40","0.79"
"1326","台化","108.33","4.27","0.56"
"1337","再生-KY","","","0.41"
"1338","廣華-KY","","1.81","0.37"
"1339","昭輝","10.22","5.42","1.01"
"1340","勝悅-KY","","","0.41"
"1341","富林-KY","14.44","6.54","2.64"
"1342","八貫","15.77","5.88","3.50"
"1402","遠東新","17.78","4.27","0.74"
"1409","新纖","16.80","3.68","0.63"
"1410","南染","106.32","0.83","2.11"
"1413","宏洲","","","1.33"
"1414","東和","80.67","1.03","1.68"
"1416","廣豐","24.53","3.85","0.61"
"1417","嘉裕","","2.03","0.78"
"1418","東華","56.04","","1.36"
"1419","新紡","20.63","2.71","0.90"
"1423","利華","74.49","1.64","1.11"
"1432","大魯閣","","","2.16"
"1434","福懋","26.23","2.61","0.73"
"1435","中福","","","3.64"
"1436","華友聯","5.01","5.38","2.64"
"1437","勤益控","9.97","3.40","0.83"
"1438","三地開發","","","2.70"
"1439","雋揚","18.87","0.95","1.08"
"1440","南紡","9.57","2.42","0.82"
"1441","大東","10.69","","1.66"
"1442","名軒","7.17","4.94","3.22"
"1443","立益物流","19.59","","1.97"
"1444","力麗","","","0.82"
"1445","大宇","2.37","14.45","0.96"
"1446","宏和","4.12","1.69","2.13"
"1447","力鵬","","","0.67"
"1449","佳和","29.59","0.14","1.12"
"1451","年興","67.00","2.49","0.58"
"1452","宏益","27.28","1.93","0.75"
"1453","大將","23.49","2.03","1.12"
"1454","台富","69.09","1.64","1.16"
"1455","集盛","46.10","","0.81"
"1456","怡華","","1.31","1.01"
"1457","宜進","6.00","7.79","0.83"
"1459","聯發","25.65","","0.99"
"1460","宏遠","","","0.81"
"1463","強盛新","55.78","1.99","1.83"
"1464","得力","24.56","1.50","1.28"
"1465","偉全","75.53","3.48","0.90"
"1466","聚隆","","","0.94"
"1467","南緯","27.37","","0.82"
"1468","昶和","23.39","","1.57"
"1470","大統新創","27.21","2.77","1.79"
"1471","首利","70.53","","1.37"
"1472","三洋實業","24.59","3.19","1.69"
"1473","台南","11.77","3.54","1.24"
"1474","弘裕","12.36","","0.78"
"1475","業旺","9.48","3.56","2.52"
"1476","儒鴻","22.05","2.65","5.16"
"1477","聚陽","19.16","5.20","5.78"
"1503","士電","34.81","1.56","2.62"
"1504","東元","19.63","4.17","1.41"
"1506","正道","98.08","","1.40"
"1512","瑞利","","","1.87"
"1513","中興電","21.15","2.36","4.09"
"1514","亞力","30.52","1.79","4.80"
"1515","力山","10.90","3.90","1.41"
"1516","川飛","79.13","1.70","1.52"
"1517","利奇","","1.42","0.87"
"1519","華城","40.34","1.30","21.48"
"1521","大億","172.65","2.39","1.23"
"1522","堤維西","11.60","3.17","2.11"
"1524","耿鼎","13.65","3.30","2.28"
"1525","江申","16.26","5.50","0.89"
"1526","日馳","","2.54","1.02"
"1527","鑽全","13.47","4.67","1.23"
"1528","恩德","","0.65","1.30"
"1529","樂事綠能","54.53","2.56","2.10"
"1530","亞崴","21.64","4.95","0.89"
"1531","高林股","141.00","1.42","0.70"
"1532","勤美","7.49","4.55","0.83"
"1533","車王電","","","1.77"
"1535","中宇","14.56","5.27","2.15"
"1536","和大","","1.53","2.12"
"1537","廣隆","14.19","4.53","2.87"
"1539","巨庭","20.27","2.69","0.90"
"1540","喬福","21.01","2.85","2.24"
"1541","錩泰","19.51","1.81","1.11"
"1558","伸興","17.32","3.60","1.28"
"1560","中砂","44.89","1.36","6.27"
"1563","巧新","17.05","3.31","1.33"
"1568","倉佑","27.84","4.96","1.51"
"1582","信錦","13.54","4.39","1.78"
"1583","程泰","11.76","6.49","1.20"
"1587","吉茂","","2.89","1.90"
"1589","永冠-KY","","","0.52"
"1590","亞德客-KY","21.78","2.16","3.51"
"1597","直得","157.97","0.73","4.03"
"1598","岱宇","","","0.99"
"1603","華電","12.02","3.62","0.82"
"1604","聲寶","13.68","5.35","1.22"
"1605","華新","26.45","4.47","0.71"
"1608","華榮","12.46","3.84","1.43"
"1609","大亞","19.35","3.96","2.11"
"1611","中電","30.77","3.13","1.18"
"1612","宏泰","13.81","5.84","1.44"
"1614","三洋電","54.29","2.82","1.79"
"1615","大山","14.44","5.15","3.05"
"1616","億泰","17.61","1.93","1.90"
"1617","榮星","","1.60","1.30"
"1618","合機","12.66","2.21","1.42"
"1626","艾美特-KY","","2.14","0.69"
"1702","南僑","10.66","5.02","1.06"
"1707","葡萄王","15.27","4.55","2.24"
"1708","東鹼","10.68","3.99","1.36"
"1709","和益","14.08","2.90","1.06"
"1710","東聯","","1.39","1.06"
"1711","永光","62.86","0.68","1.40"
"1712","興農","17.82","6.47","2.23"
"1713","國化","13.89","3.04","2.15"
"1714","和桐","17.71","3.76","0.63"
"1717","長興","18.83","2.85","1.21"
"1718","中纖","","","0.46"
"1720","生達","12.97","4.39","1.86"
"1721","三晃","","","1.56"
"1722","台肥","29.26","5.05","0.92"
"1723","中碳","16.86","4.38","2.61"
"1725","元禎","20.80","2.32","1.22"
"1726","永記","14.78","4.62","1.23"
"1727","中華化","80.68","0.97","1.82"
"1730","花仙子","14.18","5.25","1.78"
"1731","美吾華","17.50","5.05","1.46"
"1732","毛寶","141.05","","2.31"
"1733","五鼎","28.05","3.74","1.66"
"1734","杏輝","15.92","6.14","1.67"
"1735","日勝化","21.35","2.44","1.31"
"1736","喬山","44.92","0.53","5.57"
"1737","臺鹽","21.54","3.74","0.98"
"1752","南光","34.13","4.84","1.79"
"1760","寶齡富錦","57.39","1.84","3.71"
"1762","中化生","26.19","2.42","0.77"
"1773","勝一","22.75","2.01","4.28"
"1776","展宇","19.57","2.72","1.22"
"1783","和康生","27.13","2.12","3.15"
"1786","科妍","30.72","2.56","3.63"
"1789","神隆","44.00","1.36","1.67"
"1795","美時","16.13","1.76","3.46"
"1802","台玻","","","1.05"
"1805","寶徠","120.00","","1.98"
"1806","冠軍","47.05","","0.72"
"1808","潤隆","4.43","39.74","1.15"
"1809","中釉","89.55","1.02","1.12"
"1810","和成","51.13","1.26","0.71"
"1817","凱撒衛","9.42","4.36","1.39"
"1903","士紙","","","2.32"
"1904","正隆","22.44","2.59","0.73"
"1905","華紙","206.88","","1.13"
"1906","寶隆","","1.08","0.49"
"1907","永豐餘","31.16","3.04","0.73"
"1909","榮成","","","0.69"
"2002","中鋼","76.92","1.75","0.99"
"2006","東和鋼鐵","10.81","6.06","1.61"
"2007","燁興","","","1.00"
"2008","高興昌","88.24","3.33","1.61"
"2009","第一銅","56.64","","1.57"
"2010","春源","11.63","5.51","0.98"
"2012","春雨","18.17","3.60","1.63"
"2013","中鋼構","17.26","3.77","1.89"
"2014","中鴻","","0.55","1.76"
"2015","豐興","17.34","4.75","1.97"
"2017","官田鋼","36.61","","0.85"
"2020","美亞","6.24","14.44","1.64"
"2022","聚亨","143.50","2.32","0.82"
"2023","燁輝","","2.74","1.00"
"2024","志聯","","","1.65"
"2025","千興","","","1.81"
"2027","大成鋼","23.24","4.03","0.99"
"2028","威致","17.50","3.81","1.48"
"2029","盛餘","13.41","5.21","0.77"
"2030","彰源","27.18","2.97","0.95"
"2031","新光鋼","7.73","6.66","1.19"
"2032","新鋼","52.31","","1.04"
"2033","佳大","109.05","","1.75"
"2034","允強","","5.04","1.04"
"2038","海光","311.00","","0.76"
"2049","上銀","53.85","0.83","2.94"
"2059","川湖","31.22","0.95","7.43"
"2062","橋椿","12.69","2.31","0.89"
"2069","運錩","15.67","3.04","0.69"
"2101","南港","12.01","","2.84"
"2102","泰豐","","","1.25"
"2103","台橡","14.61","2.72","0.83"
"2104","國際中橡","","","0.40"
"2105","正新","19.16","4.00","1.81"
"2106","建大","17.00","3.80","1.23"
"2107","厚生","14.36","5.00","0.59"
"2108","南帝","33.65","2.97","1.15"
"2109","華豐","11.54","6.67","1.47"
"2114","鑫永銓","17.44","5.29","2.46"
"2115","六暉-KY","16.51","3.26","0.99"
"2201","裕隆","12.13","2.73","0.86"
"2204","中華","9.14","7.99","1.15"
"2206","三陽工業","10.60","4.37","2.25"
"2207","和泰車","16.63","3.28","4.71"
"2208","台船","","","1.93"
"2211","長榮鋼","19.73","5.51","1.89"
"2227","裕日車","17.19","4.51","1.26"
"2228","劍麟","11.73","4.95","1.58"
"2231","為升","72.04","2.74","3.70"
"2233","宇隆","20.74","2.32","3.56"
"2236","百達-KY","833.33","0.56","3.93"
"2239","英利-KY","35.35","1.89","0.34"
"2241","艾姆勒","","","1.92"
"2243","宏旭-KY","","","1.73"
"2247","汎德永業","12.85","6.06","1.87"
"2250","IKKA-KY","19.84","2.55","2.03"
"2254","巨鎧精密-創","","","4.40"
"2258","鴻華先進-創","","","3.93"
"2301","光寶科","18.62","4.51","2.68"
"2302","麗正","41.98","1.72","1.67"
"2303","聯電","10.36","6.99","1.46"
"2305","全友","183.75","","1.31"
"2308","台達電","29.47","1.53","4.99"
"2312","金寶","28.18","1.11","1.82"
"2313","華通","15.05","2.17","1.94"
"2314","台揚","","","7.00"
"2316","楠梓電","6.74","1.04","0.90"
"2317","鴻海","16.12","2.91","1.61"
"2321","東訊","","","2.17"
"2323","中環","10.14","6.33","0.64"
"2324","仁寶","16.56","3.19","1.27"
"2327","國巨","13.15","4.10","1.76"
"2328","廣宇","20.15","3.21","1.48"
"2329","華泰","15.73","3.44","2.26"
"2330","台積電","27.00","1.20","7.02"
"2331","精英","35.98","4.56","1.03"
"2332","友訊","90.52","2.06","1.74"
"2337","旺宏","","2.45","0.83"
"2338","光罩","28.78","3.03","2.09"
"2340","台亞","","1.69","1.64"
"2342","茂矽","","","2.06"
"2344","華邦電","80.00","","0.70"
"2345","智邦","43.83","1.31","14.64"
"2347","聯強","14.09","4.21","1.60"
"2348","海悅","12.43","4.94","4.35"
"2349","錸德","","","1.77"
"2351","順德","26.58","2.74","2.51"
"2352","佳世達","27.93","3.49","1.83"
"2353","宏碁","22.22","4.21","1.52"
"2354","鴻準","29.32","1.94","0.99"
"2355","敬鵬","14.06","3.14","0.93"
"2356","英業達","26.15","2.99","2.68"
"2357","華碩","13.56","2.76","1.72"
"2359","所羅門","","1.01","5.20"
"2360","致茂","37.35","1.63","7.37"
"2362","藍天","20.70","3.02","0.71"
"2363","矽統","85.66","0.42","2.04"
"2364","倫飛","20.94","3.85","5.33"
"2365","昆盈","96.42","0.59","3.66"
"2367","燿華","22.80","","1.95"
"2368","金像電","20.63","1.52","5.65"
"2369","菱生","","1.71","1.24"
"2371","大同","12.86","","1.67"
"2373","震旦行","14.12","6.50","1.89"
"2374","佳能","38.91","1.40","2.72"
"2375","凱美","23.62","1.18","0.78"
"2376","技嘉","22.47","2.30","3.65"
"2377","微星","21.33","3.03","2.87"
"2379","瑞昱","19.57","2.89","5.74"
"2380","虹光","","","1.97"
"2382","廣達","20.58","3.11","5.53"
"2383","台光電","23.54","1.64","6.54"
"2385","群光","12.55","5.20","2.47"
"2387","精元","9.51","4.85","1.17"
"2388","威盛","75.94","0.10","2.73"
"2390","云辰","","","0.94"
"2392","正崴","19.70","2.74","1.31"
"2393","億光","15.48","4.06","1.79"
"2395","研華","35.08","2.69","6.26"
"2397","友通","28.90","3.93","2.75"
"2399","映泰","","","2.16"
"2401","凌陽","","","2.02"
"2402","毅嘉","18.48","3.07","1.75"
"2404","漢唐","16.57","4.60","6.79"
"2405","輔信","530.00","0.80","1.98"
"2406","國碩","","","1.30"
"2408","南亞科","","","0.58"
"2409","友達","","5.86","0.78"
"2412","中華電","26.49","3.82","2.58"
"2413","環科","","0.83","1.60"
"2414","精技","14.90","5.93","2.00"
"2415","錩新","22.67","","1.59"
"2417","圓剛","","0.31","2.24"
"2419","仲琦","","0.96","2.05"
"2420","新巨","15.35","4.78","2.55"
"2421","建準","20.44","3.62","3.55"
"2423","固緯","15.95","5.33","2.23"
"2424","隴華","","","11.81"
"2425","承啟","280.42","1.34","1.38"
"2426","鼎元","64.85","0.91","1.69"
"2427","三商電","20.33","3.25","1.76"
"2428","興勤","13.12","3.35","1.97"
"2429","銘旺科","","","3.01"
"2430","燦坤","19.27","7.22","0.81"
"2431","聯昌","","","1.10"
"2432","倚天酷碁-創","14.31","5.52","1.54"
"2433","互盛電","15.43","6.00","1.98"
"2434","統懋","46.38","","2.39"
"2436","偉詮電","46.28","2.16","2.92"
"2438","翔耀","","","4.04"
"2439","美律","13.82","3.88","1.56"
"2440","太空梭","","","1.40"
"2441","超豐","13.53","4.43","1.46"
"2442","新美齊","13.24","1.33","1.42"
"2444","兆勁","","","1.82"
"2449","京元電子","19.31","2.77","3.39"
"2450","神腦","17.85","6.19","1.33"
"2451","創見","16.18","5.53","2.01"
"2453","凌群","20.07","4.03","2.85"
"2454","聯發科","20.76","3.90","5.41"
"2455","全新","43.00","1.30","9.76"
"2457","飛宏","75.10","","1.64"
"2458","義隆","15.58","3.46","4.62"
"2459","敦吉","12.28","5.71","1.34"
"2460","建通","","","1.84"
"2461","光群雷","12.33","3.32","1.02"
"2462","良得電","21.46","4.36","1.28"
"2464","盟立","85.20","0.60","3.65"
"2465","麗臺","","","8.27"
"2466","冠西電","","","5.07"
"2467","志聖","50.36","1.41","6.56"
"2468","華經","29.67","2.93","1.56"
"2471","資通","20.22","6.09","3.03"
"2472","立隆電","12.49","3.47","1.71"
"2474","可成","14.44","5.39","0.75"
"2476","鉅祥","19.00","2.91","2.25"
"2477","美隆電","18.53","1.76","1.06"
"2478","大毅","19.42","3.18","1.01"
"2480","敦陽科","17.89","5.03","4.40"
"2481","強茂","22.31","2.39","1.39"
"2482","連宇","43.06","3.75","1.61"
"2483","百容","76.33","1.31","0.97"
"2484","希華","33.60","5.95","1.08"
"2485","兆赫","","","0.91"
"2486","一詮","367.86","0.63","4.64"
"2488","漢平","12.32","4.88","1.77"
"2489","瑞軒","12.35","3.08","0.96"
"2491","吉祥全","","","1.16"
"2492","華新科","24.09","2.31","0.92"
"2493","揚博","16.45","5.17","3.73"
"2495","普安","18.56","2.22","1.92"
"2496","卓越","12.46","5.64","1.84"
"2497","怡利電","24.67","1.66","3.07"
"2498","宏達電","","","1.66"
"2501","國建","11.78","4.20","1.00"
"2504","國產","12.20","4.20","2.27"
"2505","國揚","31.43","1.82","0.82"
"2506","太設","4.68","2.71","0.50"
"2509","全坤建","209.38","","0.90"
"2511","太子","45.00","3.48","0.66"
"2514","龍邦","5.09","","0.60"
"2515","中工","23.59","4.79","0.74"
"2516","新建","21.75","","1.67"
"2520","冠德","5.04","3.55","1.17"
"2524","京城","22.33","","1.35"
"2527","宏璟","30.37","4.02","0.81"
"2528","皇普","","1.28","2.95"
"2530","華建","18.22","1.38","3.09"
"2534","宏盛","89.31","3.86","0.86"
"2535","達欣工","11.13","5.66","1.47"
"2536","宏普","17.65","1.67","0.86"
"2537","聯上發","21.38","","0.88"
"2538","基泰","","5.80","1.10"
"2539","櫻花建","42.48","3.89","4.34"
"2540","愛山林","23.12","6.23","4.62"
"2542","興富發","25.60","3.53","1.58"
"2543","皇昌","15.67","2.44","3.93"
"2545","皇翔","6.25","3.67","1.56"
"2546","根基","10.77","6.03","1.74"
"2547","日勝生","","2.24","0.97"
"2548","華固","12.28","7.02","1.82"
"2597","潤弘","15.73","6.33","4.72"
"2601","益航","","","0.66"
"2603","長榮","4.38","4.37","0.91"
"2605","新興","10.37","3.00","0.85"
"2606","裕民","9.80","4.46","1.18"
"2607","榮運","14.15","3.47","1.00"
"2608","嘉里大榮","16.40","6.72","1.50"
"2609","陽明","5.48","2.53","0.85"
"2610","華航","15.53","2.61","1.94"
"2611","志信","7.40","10.57","1.36"
"2612","中航","17.05","2.48","0.63"
"2613","中櫃","27.93","1.78","1.43"
"2614","東森","","","1.41"
"2615","萬海","7.48","1.83","0.95"
"2616","山隆","","2.61","0.52"
"2617","台航","9.95","5.47","0.71"
"2618","長榮航","9.29","3.92","2.12"
"2630","亞航","46.30","1.66","1.95"
"2633","台灣高鐵","19.68","3.68","2.21"
"2634","漢翔","21.74","3.25","2.36"
"2636","台驊控股","9.64","8.28","1.16"
"2637","慧洋-KY","7.66","4.32","0.98"
"2642","宅配通","72.92","2.29","1.58"
"2645","長榮航太","20.98","4.77","2.78"
"2646","星宇航空","99.29","","3.50"
"2701","萬企","20.83","2.24","0.67"
"2702","華園","","","0.78"
"2704","國賓","18.81","1.80","0.67"
"2705","六福","80.68","","0.71"
"2706","第一店","21.64","2.41","0.72"
"2707","晶華","18.25","5.85","5.99"
"2712","遠雄來","","1.73","2.33"
"2722","夏都","170.50","1.47","2.13"
"2723","美食-KY","44.18","3.52","1.61"
"2727","王品","15.46","6.17","4.68"
"2731","雄獅","7.55","6.53","3.02"
"2739","寒舍","8.08","","3.16"
"2748","雲品","21.08","3.29","2.25"
"2753","八方雲集","17.13","4.78","2.88"
"2762","世界健身-KY","30.41","6.10","3.12"
"2801","彰銀","14.24","4.89","1.00"
"2809","京城銀","10.06","5.94","1.04"
"2812","台中銀","12.43","5.15","1.26"
"2816","旺旺保","7.00","","1.01"
"2820","華票","15.68","4.85","0.80"
"2832","台產","9.35","4.51","0.86"
"2834","臺企銀","12.27","9.09","1.04"
"2836","高雄銀","23.96","5.22","0.84"
"2838","聯邦銀","13.12","5.86","0.87"
"2845","遠東銀","13.35","7.57","0.94"
"2849","安泰銀","19.12","2.69","0.81"
"2850","新產","10.30","4.71","1.79"
"2851","中再保","7.76","5.44","1.01"
"2852","第一保","8.11","4.61","0.85"
"2855","統一證","9.44","5.05","1.11"
"2867","三商壽","","","0.79"
"2880","華南金","16.13","4.91","1.67"
"2881","富邦金","11.67","2.74","1.48"
"2882","國泰金","11.84","2.90","1.21"
"2883","凱基金","10.69","2.82","1.07"
"2884","玉山金","16.38","5.12","1.77"
"2885","元大金","14.76","3.78","1.43"
"2886","兆豐金","16.10","4.66","1.59"
"2887","台新金","12.87","5.71","1.09"
"2888","新光金","16.23","","0.74"
"2889","國票金","25.85","6.43","1.27"
"2890","永豐金","13.22","4.27","1.46"
"2891","中信金","11.95","4.58","1.63"
"2892","第一金","15.87","4.19","1.45"
"2897","王道銀行","12.15","4.53","0.71"
"2901","欣欣","64.19","1.30","2.30"
"2903","遠百","16.19","6.72","1.06"
"2904","匯僑","18.40","3.36","1.11"
"2905","三商","","1.29","0.92"
"2906","高林","34.22","3.44","1.05"
"2908","特力","35.98","2.88","1.47"
"2910","統領","21.18","1.35","1.65"
"2911","麗嬰房","","","1.58"
"2912","統一超","24.12","3.38","7.12"
"2913","農林","","","1.27"
"2915","潤泰全","9.73","3.48","0.72"
"2923","鼎固-KY","63.66","0.77","0.89"
"2929","淘帝-KY","","","0.57"
"2939","永邑-KY","","","1.94"
"2945","三商家購","20.43","2.98","1.46"
"3002","歐格","86.76","2.17","1.14"
"3003","健和興","21.99","1.94","1.85"
"3004","豐達科","13.60","2.73","1.93"
"3005","神基","15.48","4.66","2.91"
"3006","晶豪科","","0.95","1.68"
"3008","大立光","15.33","2.65","1.95"
"3010","華立","15.08","3.96","1.46"
"3011","今皓","","","1.66"
"3013","晟銘電","54.69","0.29","6.75"
"3014","聯陽","15.06","5.41","3.83"
"3015","全漢","28.58","5.31","0.70"
"3016","嘉晶","46.39","1.11","2.58"
"3017","奇鋐","32.83","1.09","9.25"
"3018","隆銘綠能","","","2.74"
"3019","亞光","30.97","1.07","3.39"
"3021","鴻名","17.15","1.11","1.53"
"3022","威強電","11.80","4.41","1.34"
"3023","信邦","18.37","3.69","4.28"
"3024","憶聲","78.08","0.49","1.92"
"3025","星通","16.99","4.29","5.16"
"3026","禾伸堂","17.46","5.81","1.47"
"3027","盛達","","1.27","1.59"
"3028","增你強","22.48","6.59","1.19"
"3029","零壹","29.44","2.91","4.36"
"3030","德律","18.38","2.67","3.76"
"3031","佰鴻","14.78","3.89","1.19"
"3032","偉訓","18.21","3.75","3.29"
"3033","威健","14.25","5.55","1.55"
"3034","聯詠","14.58","6.40","4.79"
"3035","智原","54.28","1.83","4.65"
"3036","文曄","17.32","1.71","1.43"
"3037","欣興","27.93","2.06","2.39"
"3038","全台","11.42","6.12","1.46"
"3040","遠見","64.39","2.10","2.02"
"3041","揚智","","","3.11"
"3042","晶技","18.23","4.29","2.31"
"3043","科風","","","2.54"
"3044","健鼎","13.05","3.79","2.20"
"3045","台灣大","25.05","3.72","4.28"
"3046","建碁","12.58","4.11","2.49"
"3047","訊舟","156.50","","2.58"
"3048","益登","","3.21","1.88"
"3049","精金","","","0.95"
"3050","鈺德","31.07","2.87","1.06"
"3051","力特","18.11","2.99","2.24"
"3052","夆典","11.57","5.24","0.70"
"3054","立萬利","","","2.61"
"3055","蔚華科","","1.64","3.23"
"3056","富華新","","2.52","1.72"
"3057","喬鼎","","","1.59"
"3058","立德","","","1.56"
"3059","華晶科","31.39","1.94","1.10"
"3060","銘異","","1.05","1.22"
"3062","建漢","","","2.28"
"3090","日電貿","17.22","4.99","2.27"
"3092","鴻碩","","","1.46"
"3094","聯傑","207.14","2.10","2.41"
"3130","一零四","15.52","6.21","4.55"
"3138","耀登","35.88","2.41","2.57"
"3149","正達","","","2.85"
"3150","鈺寶-創","93.11","2.32","2.18"
"3164","景岳","32.13","2.55","1.25"
"3167","大量","120.79","0.47","3.52"
"3168","眾福科","16.40","7.76","1.87"
"3189","景碩","69.66","0.99","1.45"
"3209","全科","11.69","6.09","1.62"
"3229","晟鈦","","","1.80"
"3231","緯創","20.15","2.41","2.53"
"3257","虹冠電","19.37","5.74","2.63"
"3266","昇陽","13.84","4.20","1.07"
"3296","勝德","","","2.62"
"3305","昇貿","23.37","3.10","1.75"
"3308","聯德","","","1.27"
"3311","閎暉","59.48","3.48","0.87"
"3312","弘憶股","26.29","2.14","3.16"
"3321","同泰","","","3.12"
"3338","泰碩","22.42","3.13","2.85"
"3346","麗清","13.08","4.28","1.17"
"3356","奇偶","8.56","5.17","2.11"
"3376","新日興","32.91","1.91","2.32"
"3380","明泰","56.23","2.76","1.98"
"3406","玉晶光","11.53","2.54","2.21"
"3413","京鼎","13.89","3.65","2.28"
"3416","融程電","23.27","3.38","3.73"
"3419","譁裕","","","1.75"
"3432","台端","","","2.25"
"3437","榮創","","","1.27"
"3443","創意","54.77","1.03","17.38"
"3447","展達","","","4.26"
"3450","聯鈞","143.89","","9.16"
"3454","晶睿","48.96","3.23","3.03"
"3481","群創","","","0.54"
"3494","誠研","","","2.97"
"3501","維熹","12.25","4.88","1.06"
"3504","揚明光","","","2.24"
"3515","華擎","24.74","2.86","3.56"
"3518","柏騰","","","1.63"
"3528","安馳","12.61","2.95","1.77"
"3530","晶相光","","","2.75"
"3532","台勝科","25.13","5.00","1.59"
"3533","嘉澤","28.40","1.34","6.53"
"3535","晶彩科","166.25","","3.57"
"3543","州巧","","4.28","0.78"
"3545","敦泰","41.35","1.12","1.98"
"3550","聯穎","","","1.08"
"3557","嘉威","11.00","4.05","2.26"
"3563","牧德","175.23","1.80","4.67"
"3576","聯合再生","","","1.44"
"3583","辛耘","37.66","0.99","6.86"
"3588","通嘉","30.36","0.88","2.34"
"3591","艾笛森","32.53","2.00","1.21"
"3592","瑞鼎","13.93","3.95","2.50"
"3593","力銘","","","1.80"
"3596","智易","15.43","3.95","2.56"
"3605","宏致","65.00","","1.17"
"3607","谷崧","","3.68","1.30"
"3617","碩天","17.61","2.18","3.80"
"3622","洋華","12.35","3.22","1.31"
"3645","達邁","42.27","0.72","1.86"
"3652","精聯","48.45","0.86","1.65"
"3653","健策","75.97","0.66","15.93"
"3661","世芯-KY","46.22","0.68","7.51"
"3665","貿聯-KY","33.57","1.43","3.38"
"3669","圓展","19.59","3.08","1.17"
"3673","TPK-KY","23.64","","0.41"
"3679","新至陞","14.40","5.77","1.75"
"3686","達能","","","2.10"
"3694","海華","21.52","1.86","2.57"
"3701","大眾控","1313.33","1.78","1.96"
"3702","大聯大","13.81","5.22","1.45"
"3703","欣陸","14.09","4.98","0.89"
"3704","合勤控","46.74","3.73","1.54"
"3705","永信","13.99","4.26","1.88"
"3706","神達","26.84","1.80","1.46"
"3708","上緯投控","51.73","5.99","1.24"
"3711","日月光投控","21.43","3.24","2.25"
"3712","永崴投控","14.20","3.14","1.55"
"3714","富采","","2.17","0.70"
"3715","定穎投控","15.69","2.34","2.30"
"3716","中化控股","","","0.71"
"4104","佳醫","18.28","5.01","1.60"
"4106","雃博","25.68","3.28","1.02"
"4108","懷特","","","1.63"
"4119","旭富","22.30","1.38","1.99"
"4133","亞諾法","28.45","2.61","1.29"
"4137","麗豐-KY","12.41","9.41","1.61"
"4142","國光生","","","1.57"
"4148","全宇生技-KY","29.55","2.17","1.13"
"4155","訊映","130.94","1.43","1.26"
"4164","承業醫","20.95","4.92","1.08"
"4190","佐登-KY","","2.23","1.47"
"4306","炎洲","10.59","5.75","0.85"
"4414","如興","","","0.76"
"4426","利勤","","","0.74"
"4438","廣越","28.40","5.22","1.28"
"4439","冠星-KY","25.48","4.00","1.18"
"4440","宜新實業","14.05","4.21","1.21"
"4526","東台","","0.61","1.68"
"4532","瑞智","14.24","3.94","1.24"
"4536","拓凱","13.56","4.25","2.13"
"4540","全球傳動","","","1.82"
"4545","銘鈺","22.69","2.12","1.80"
"4551","智伸科","21.26","2.28","1.51"
"4552","力達-KY","11.19","4.59","0.45"
"4555","氣立","","1.20","1.02"
"4557","永新-KY","13.08","4.86","2.41"
"4560","強信-KY","22.28","2.81","1.32"
"4562","穎漢","","","6.10"
"4564","元翎","","","1.09"
"4566","時碩工業","31.58","1.88","1.65"
"4569","六方科-KY","34.11","2.18","2.28"
"4571","鈞興-KY","31.65","1.22","4.64"
"4572","駐龍","22.46","3.33","2.89"
"4576","大銀微系統","587.50","0.07","4.45"
"4581","光隆精密-KY","10.67","6.86","1.61"
"4583","台灣精銳","63.13","1.23","6.52"
"4588","玖鼎電力","22.87","3.73","4.03"
"4720","德淵","16.06","2.85","1.28"
"4722","國精化","19.96","2.20","1.52"
"4736","泰博","15.49","6.92","1.59"
"4737","華廣","","3.07","2.16"
"4739","康普","55.94","1.42","1.20"
"4746","台耀","21.74","2.81","1.10"
"4755","三福化","29.62","2.66","3.00"
"4763","材料-KY","11.80","1.36","6.56"
"4764","雙鍵","","","1.68"
"4766","南寶","13.99","4.87","2.67"
"4770","上品","14.43","3.92","3.08"
"4771","望隼","14.16","1.93","2.88"
"4807","日成-KY","","","1.05"
"4904","遠傳","27.45","3.56","3.77"
"4906","正文","41.52","4.35","1.14"
"4912","聯德控股-KY","20.10","1.20","2.32"
"4915","致伸","14.07","5.14","2.00"
"4916","事欣科","","1.31","1.53"
"4919","新唐","37.75","3.37","2.32"
"4927","泰鼎-KY","","","1.04"
"4930","燦星網","11.89","7.62","0.74"
"4934","太極","","","1.47"
"4935","茂林-KY","18.89","2.39","0.96"
"4938","和碩","13.73","4.28","1.26"
"4942","嘉彰","11.41","5.57","0.66"
"4943","康控-KY","","","4.12"
"4949","有成精密","","10.50","1.01"
"4952","凌通","24.62","2.24","2.82"
"4956","光鋐","","","1.86"
"4958","臻鼎-KY","14.16","2.66","1.14"
"4960","誠美材","","","0.84"
"4961","天鈺","13.95","4.57","1.61"
"4967","十銓","8.70","2.10","1.65"
"4968","立積","347.41","","7.86"
"4976","佳凌","","","2.04"
"4977","眾達-KY","144.95","1.53","2.91"
"4989","榮科","","","1.13"
"4994","傳奇","26.58","3.96","5.82"
"4999","鑫禾","207.50","3.01","0.72"
"5007","三星","14.64","5.52","2.30"
"5203","訊連","29.14","3.17","1.53"
"5215","科嘉-KY","14.13","3.32","0.83"
"5222","全訊","23.05","3.23","4.28"
"5225","東科-KY","11.04","5.03","2.94"
"5234","達興材料","39.71","2.12","6.39"
"5243","乙盛-KY","24.95","2.23","1.62"
"5244","弘凱","21.91","2.23","2.04"
"5258","虹堡","12.52","2.02","2.21"
"5269","祥碩","43.03","0.93","4.80"
"5283","禾聯碩","15.68","7.73","1.76"
"5284","jpp-KY","","3.28","3.22"
"5285","界霖","26.46","4.00","1.72"
"5288","豐祥-KY","12.88","3.95","2.41"
"5292","華懋","17.01","3.49","3.87"
"5306","桂盟","18.20","2.87","1.84"
"5388","中磊","14.81","4.08","2.32"
"5434","崇越","16.68","3.40","3.34"
"5469","瀚宇博","9.77","3.21","0.76"
"5471","松翰","35.63","3.03","1.91"
"5484","慧友","","","8.00"
"5515","建國","9.54","3.70","1.17"
"5519","隆大","8.01","6.49","1.39"
"5521","工信","155.00","","0.99"
"5522","遠雄","13.39","4.37","1.37"
"5525","順天","28.87","5.62","1.80"
"5531","鄉林","","","1.04"
"5533","皇鼎","13.71","5.96","0.60"
"5534","長虹","11.56","6.44","1.29"
"5538","東明-KY","17.83","3.08","0.92"
"5546","永固-KY","","6.58","1.10"
"5607","遠雄港","24.25","4.03","1.50"
"5608","四維航","","","0.67"
"5706","鳳凰","17.15","4.58","3.18"
"5871","中租-KY","8.45","5.98","1.21"
"5876","上海商銀","19.12","4.34","1.04"
"5880","合庫金","20.08","4.08","1.47"
"5906","台南-KY","24.21","3.82","2.54"
"5907","大洋-KY","","","0.46"
"6005","群益證","11.29","5.43","1.26"
"6024","群益期","10.02","6.02","1.61"
"6108","競國","8.65","2.99","0.68"
"6112","邁達特","31.52","5.32","2.30"
"6115","鎰勝","17.63","5.85","1.87"
"6116","彩晶","","","0.62"
"6117","迎廣","24.39","","4.86"
"6120","達運","43.97","0.78","0.90"
"6128","上福","10.69","7.35","1.04"
"6133","金橋","57.43","","1.94"
"6136","富爾特","32.71","5.24","0.73"
"6139","亞翔","11.58","4.37","3.61"
"6141","柏承","","","1.20"
"6142","友勁","","","1.39"
"6152","百一","","","1.45"
"6153","嘉聯益","","","0.88"
"6155","鈞寶","36.90","3.24","1.40"
"6164","華興","50.74","","1.16"
"6165","浪凡","45.81","0.88","2.52"
"6166","凌華","","1.32","3.21"
"6168","宏齊","225.56","2.46","1.36"
"6176","瑞儀","16.00","4.98","2.66"
"6177","達麗","9.65","8.07","2.26"
"6183","關貿","25.64","3.29","4.82"
"6184","大豐電","14.62","5.78","1.71"
"6189","豐藝","14.82","4.31","2.86"
"6191","精成科","8.29","6.17","1.15"
"6192","巨路","12.57","4.55","1.57"
"6196","帆宣","17.14","4.12","2.56"
"6197","佳必琪","18.60","2.79","4.65"
"6201","亞弘電","12.86","6.94","1.84"
"6202","盛群","","0.96","2.93"
"6205","詮欣","32.46","1.86","2.54"
"6206","飛捷","14.44","4.66","2.56"
"6209","今國光","","1.80","1.66"
"6213","聯茂","30.74","1.91","1.40"
"6214","精誠","20.37","3.75","2.17"
"6215","和椿","54.17","1.18","4.68"
"6216","居易","17.34","3.95","2.16"
"6224","聚鼎","33.14","2.59","2.18"
"6225","天瀚","43.50","","4.31"
"6226","光鼎","","","0.92"
"6230","尼得科超眾","170.43","0.54","2.85"
"6235","華孚","18.22","2.53","2.98"
"6239","力成","10.08","5.62","1.69"
"6243","迅杰","136.53","2.44","2.70"
"6257","矽格","14.71","3.80","1.70"
"6269","台郡","52.54","7.80","0.85"
"6271","同欣電","15.84","1.74","1.14"
"6277","宏正","19.51","5.68","1.94"
"6278","台表科","11.07","4.59","1.50"
"6281","全國電","17.83","5.49","2.92"
"6282","康舒","","1.63","1.16"
"6283","淳安","","","2.49"
"6285","啟碁","19.97","4.41","2.15"
"6288","聯嘉","79.71","0.70","1.72"
"6405","悅城","","0.30","0.95"
"6409","旭隼","40.03","1.98","18.87"
"6412","群電","13.72","5.06","3.20"
"6414","樺漢","17.89","3.87","1.72"
"6415","矽力*-KY","103.79","0.48","4.71"
"6416","瑞祺電通","26.59","2.57","2.31"
"6423","億而得-創","99.09","1.02","5.24"
"6426","統新","","0.59","3.29"
"6431","光麗-KY","","","1.99"
"6438","迅得","39.05","2.70","3.60"
"6442","光聖","71.69","0.34","14.89"
"6443","元晶","56.56","2.21","1.24"
"6446","藥華藥","106.12","","7.52"
"6449","鈺邦","29.61","1.61","3.36"
"6451","訊芯-KY","144.94","1.01","3.93"
"6456","GIS-KY","","","0.54"
"6464","台數科","14.29","5.53","1.27"
"6472","保瑞","19.62","1.61","6.47"
"6477","安集","","2.91","1.04"
"6491","晶碩","14.11","2.77","2.67"
"6504","南六","308.57","1.70","1.32"
"6505","台塑化","55.08","5.67","1.08"
"6515","穎崴","42.28","1.03","8.35"
"6525","捷敏-KY","14.49","5.37","1.96"
"6526","達發","53.33","0.70","6.58"
"6531","愛普*","36.48","2.15","4.63"
"6533","晶心科","","","4.26"
"6534","正瀚-創","22.16","4.98","3.23"
"6541","泰福-KY","","","8.73"
"6550","北極星藥業-KY","","","5.47"
"6552","易華電","","0.81","1.00"
"6558","興能高","","","2.26"
"6573","虹揚-KY","","","2.00"
"6579","研揚","29.33","5.09","2.20"
"6581","鋼聯","16.81","3.74","3.04"
"6582","申豐","572.73","","1.08"
"6585","鼎基","14.84","2.64","2.76"
"6591","動力-KY","17.13","5.24","1.04"
"6592","和潤企業","15.86","5.22","1.50"
"6598","ABC-KY","","","2.25"
"6605","帝寶","12.41","2.92","2.02"
"6606","建德工業","28.74","5.49","1.67"
"6625","必應","15.51","5.21","4.71"
"6641","基士德-KY","14.87","3.00","0.82"
"6645","金萬林-創","","","2.71"
"6655","科定","27.23","7.03","4.36"
"6657","華安","","","6.12"
"6658","聯策","387.14","1.48","2.48"
"6666","羅麗芬-KY","25.31","2.62","1.38"
"6668","中揚光","","","2.35"
"6669","緯穎","25.59","1.58","6.16"
"6670","復盛應用","12.74","4.07","3.12"
"6671","三能-KY","14.10","6.01","1.45"
"6672","騰輝電子-KY","12.41","5.28","1.34"
"6674","鋐寶科技","","","1.55"
"6689","伊雲谷","39.52","1.86","2.50"
"6691","洋基工程","24.52","4.42","7.59"
"6695","芯鼎","","","3.78"
"6698","旭暉應材","","","2.05"
"6706","惠特","","","2.98"
"6715","嘉基","30.50","2.00","3.07"
"6719","力智","95.28","0.90","1.71"
"6742","澤米","","2.22","2.73"
"6743","安普新","18.12","1.19","2.09"
"6753","龍德造船","14.42","1.56","3.27"
"6754","匯僑設計","10.26","5.46","1.85"
"6756","威鋒電子","62.56","1.57","3.16"
"6757","台灣虎航","11.35","","5.01"
"6768","志強-KY","18.78","3.05","1.70"
"6770","力積電","","","0.74"
"6771","平和環保-創","14.04","6.90","2.17"
"6776","展碁國際","12.93","5.91","2.29"
"6781","AES-KY","43.36","1.20","5.99"
"6782","視陽","18.28","1.34","3.01"
"6789","采鈺","75.20","0.35","5.22"
"6790","永豐實","12.53","7.04","2.06"
"6792","詠業","33.19","5.68","1.87"
"6794","向榮生技-創","","","5.84"
"6796","晉弘","","2.14","4.13"
"6799","來頡","26.87","3.11","2.67"
"6805","富世達","58.31","0.65","11.20"
"6806","森崴能源","31.97","1.27","2.08"
"6807","峰源-KY","11.88","2.96","1.95"
"6830","汎銓","69.03","2.88","2.58"
"6834","天二科技","249.23","","1.97"
"6835","圓裕","11.59","5.09","1.52"
"6838","台新藥","","","3.58"
"6854","錼創科技-KY創","","","9.26"
"6861","睿生光電","21.75","1.77","1.87"
"6862","三集瑞-KY","18.78","2.45","4.36"
"6863","永道-KY","24.27","1.29","3.01"
"6869","雲豹能源","87.93","2.97","4.33"
"6873","泓德能源","22.71","2.00","3.04"
"6885","全福生技","","","2.38"
"6890","來億-KY","69.17","1.15","4.13"
"6901","鑽石投資","","","2.48"
"6902","GOGOLOOK-創","","","9.57"
"6906","現觀科","44.41","2.04","5.54"
"6914","阜爾運通","16.46","3.89","2.33"
"6916","華凌","149.06","4.40","1.43"
"6919","康霈*","","","9.70"
"6923","中台","23.40","3.60","2.78"
"6924","榮惠-KY創","16.52","4.32","3.69"
"6928","攸泰科技","","1.75","2.29"
"6933","AMAX-KY","56.92","1.36","4.45"
"6937","天虹","61.06","0.54","7.65"
"6949","沛爾生醫-創","","","3.68"
"6951","青新-創","18.20","3.23","3.32"
"6952","大武山","26.46","2.04","1.94"
"6955","邦睿生技-創","54.09","0.86","8.53"
"6957","裕慶-KY","13.55","6.02","4.70"
"6958","日盛台駿","20.46","4.07","0.89"
"6962","ITH-KY","23.44","1.89","1.52"
"6969","成信實業*-創","","","4.89"
"6988","威力暘-創","2575.00","1.36","1.53"
"7705","三商餐飲","16.90","4.51","3.51"
"7722","LINEPAY","42.79","","4.46"
"8011","台通","31.86","","1.38"
"8016","矽創","13.95","5.53","2.31"
"8021","尖點","25.26","2.33","1.07"
"8028","昇陽半導體","80.59","1.31","6.04"
"8033","雷虎","228.46","","6.77"
"8039","台虹","19.22","2.93","1.13"
"8045","達運光電","10.72","6.57","4.36"
"8046","南電","87.69","4.68","1.68"
"8070","長華*","23.85","5.38","1.78"
"8072","陞泰","30.44","3.08","0.87"
"8081","致新","14.41","5.75","2.83"
"8101","華冠","","","5.54"
"8103","瀚荃","16.87","2.52","1.17"
"8104","錸寶","390.00","","1.73"
"8105","凌巨","","0.65","0.86"
"8110","華東","47.17","1.41","0.70"
"8112","至上","12.76","6.68","1.83"
"8114","振樺電","39.75","1.34","6.67"
"8131","福懋科","16.08","3.18","1.10"
"8150","南茂","13.59","5.76","0.91"
"8162","微矽電子-創","33.42","1.25","1.96"
"8163","達方","17.09","9.14","1.07"
"8201","無敵","","","2.10"
"8210","勤誠","16.50","1.81","5.01"
"8213","志超","10.73","2.89","0.59"
"8215","明基材","52.71","3.86","1.75"
"8222","寶一","36.13","0.81","2.87"
"8249","菱光","23.84","1.97","1.26"
"8261","富鼎","24.68","2.68","2.03"
"8271","宇瞻","14.04","7.05","1.29"
"8341","日友","24.93","4.37","2.20"
"8367","建新國際","12.20","5.43","1.30"
"8374","羅昇","1078.57","0.20","8.54"
"8404","百和興業-KY","76.43","","1.63"
"8411","福貞-KY","","0.62","0.48"
"8422","可寧衛","19.18","5.54","3.23"
"8429","金麗-KY","600.00","","0.35"
"8438","昶昕","14.38","2.87","1.22"
"8442","威宏-KY","10.17","5.01","1.96"
"8443","阿瘦","","","0.98"
"8454","富邦媒","25.67","4.17","10.03"
"8462","柏文","31.13","1.87","4.77"
"8463","潤泰材","21.91","2.51","1.55"
"8464","億豐","17.45","3.15","4.38"
"8466","美吉吉-KY","49.02","0.75","1.00"
"8467","波力-KY","29.91","","5.90"
"8473","山林水","32.52","0.87","0.97"
"8476","台境*","12.00","9.86","1.90"
"8478","東哥遊艇","11.30","5.71","2.30"
"8481","政伸","21.87","3.98","2.04"
"8482","商億-KY","29.56","2.61","2.72"
"8487","愛爾達-創","10.51","6.43","2.83"
"8488","吉源-KY","","","0.41"
"8499","鼎炫-KY","13.49","3.40","0.62"
"8926","台汽電","25.91","4.68","2.01"
"8940","新天地","95.40","","2.43"
"8996","高力","56.11","1.20","9.24"
"9802","鈺齊-KY","27.17","4.10","1.78"
"9902","台火","19.81","1.89","1.21"
"9904","寶成","8.41","2.79","0.83"
"9905","大華","14.93","4.81","0.88"
"9906","欣巴巴","34.48","4.64","6.34"
"9907","統一實","22.69","1.97","1.18"
"9908","大台北","15.46","3.96","1.10"
"9910","豐泰","23.37","3.23","5.49"
"9911","櫻花","13.63","4.65","2.94"
"9912","偉聯","","","1.43"
"9914","美利達","31.86","3.86","2.16"
"9917","中保科","19.97","4.09","4.56"
"9918","欣天然","17.83","3.72","2.23"
"9919","康那香","","1.73","1.27"
"9921","巨大","23.84","3.36","1.67"
"9924","福興","10.66","5.77","1.34"
"9925","新保","17.74","4.86","1.34"
"9926","新海","18.75","3.91","2.26"
"9927","泰銘","10.64","8.17","1.67"
"9928","中視","50.00","","0.47"
"9929","秋雨","","","1.94"
"9930","中聯資源","15.45","4.46","2.72"
"9931","欣高","14.81","2.92","1.42"
"9933","中鼎","15.93","5.09","1.72"
"9934","成霖","10.26","8.60","0.91"
"9935","慶豐富","15.90","1.67","2.04"
"9937","全國","26.51","3.29","3.60"
"9938","百和","16.52","1.43","1.64"
"9939","宏全","15.06","3.58","2.41"
"9940","信義","10.81","5.58","1.55"
"9941","裕融","12.52","6.01","1.75"
"9942","茂順","13.13","6.14","2.39"
"9943","好樂迪","16.55","6.57","2.54"
"9944","新麗","167.08","2.99","0.61"
"9945","潤泰新","10.85","3.47","1.16"
"9946","三發地產","26.88","2.96","1.17"
"9955","佳龍","","","2.35"
"9958","世紀鋼","20.91","1.70","3.44"
